Id,Name,Release,Storyline
1,Night to Remember A,05/11/2017 00:00:00,leo odio porttitor id consequat in consequat ut nulla sed accumsan felis
2,Girl with the Dragon Tattoo The ,20/03/2018 00:00:00,vestibulum ante ipsum primis in faucibus orci luctus et ultrices posuere cubilia curae donec pharetra magna vestibulum aliquet ultrices erat
3,Cow The (Gaav) ,03/03/2018 00:00:00,velit id pretium iaculis diam erat fermentum justo nec condimentum neque
4,August Evening,05/02/2021 00:00:00,donec quis orci eget orci vehicula condimentum curabitur in libero ut massa volutpat convallis morbi odio
5,Psycho,07/08/2018 00:00:00,lobortis est phasellus sit amet erat nulla tempus vivamus in felis eu sapien cursus vestibulum proin eu
6,Inside Llewyn Davis,07/04/2018 00:00:00,justo maecenas rhoncus aliquam lacus morbi quis tortor id nulla ultrices aliquet maecenas leo
7,Relic The ,08/07/2021 00:00:00,ante nulla justo aliquam quis turpis eget elit sodales scelerisque mauris sit amet eros suspendisse accumsan tortor quis
8,Snipes,02/09/2018 00:00:00,ornare consequat lectus in est risus auctor sed tristique in
9,Going Places Valseuses Les ,06/12/2021 00:00:00,nisl nunc nisl duis bibendum felis sed interdum venenatis turpis enim
10,Tito and Me (Tito i ja),08/06/2017 00:00:00,sapien a libero nam dui proin leo odio porttitor id consequat in consequat ut nulla sed accumsan felis
11,vrevr,05/12/2008 00:00:00,cwece
12,ewfweinfe,23/04/2008 00:00:00,uweuewuencwe
